Station ID,GTFS Stop ID,Line,Stop Name,Daytime Routes,Railroad north descriptor,Railroad south descriptor,Notes
1,R01,Astoria,Astoria - Ditmars Blvd,N W,n/a,Manhattan,
2,R03,Astoria,Astoria Blvd,N W,Ditmars Blvd,Manhattan,
3,R04,Astoria,30 Av,N W,Astoria - Ditmars Blvd,Manhattan,
4,R05,Astoria,Broadway,N W,Astoria - Ditmars Blvd,Manhattan,
5,R06,Astoria,36 Av,N W,Astoria - Ditmars Blvd,Manhattan,
6,R08,Astoria,39 Av,N W,Astoria - Ditmars Blvd,Manhattan,
7,R11,Astoria,Lexington Av/59 St,N W R,Queens,Downtown & Brooklyn,
8,R13,Astoria,5 Av/59 St,N W R,Queens,Downtown & Brooklyn,
9,R14,Broadway - Brighton,57 St - 7 Av,N Q R W,Uptown & Queens,Downtown & Brooklyn,
10,R15,Broadway - Brighton,49 St,N R W,Uptown & Queens,Downtown & Brooklyn,
11,R16,Broadway - Brighton,Times Sq - 42 St,N Q R W,Uptown & Queens,Downtown & Brooklyn,
12,R17,Broadway - Brighton,34 St - Herald Sq,N Q R W,Uptown & Queens,Downtown & Brooklyn,
13,R18,Broadway - Brighton,28 St,R W,Uptown & Queens,Downtown & Brooklyn,
14,R19,Broadway - Brighton,23 St,R W,Uptown & Queens,Downtown & Brooklyn,
15,R20,Broadway - Brighton,14 St - Union Sq,N Q R W,Uptown & Queens,Downtown & Brooklyn,
16,R21,Broadway - Brighton,8 St - NYU,R W,Uptown & Queens,Downtown & Brooklyn,
17,R22,Broadway - Brighton,Prince St,R W,Uptown & Queens,Downtown & Brooklyn,
18,R23,Broadway,Canal St,R W,Uptown & Queens,Downtown & Brooklyn,
19,Q01,Manhattan Bridge,Canal St,N Q,Uptown & Queens,Downtown & Brooklyn,
20,R24,Broadway,City Hall,R W,Uptown & Queens,Downtown & Brooklyn,
21,R25,Broadway,Cortlandt St,R W,Uptown & Queens,Downtown & Brooklyn,
22,R26,Broadway,Rector St,R W,Uptown & Queens,Downtown & Brooklyn,
23,R27,Broadway,Whitehall St,R W,Uptown & Queens,Brooklyn,
24,R28,Broadway,Court St,R,Manhattan,Bay Ridge - 95 St,
25,R29,Broadway,Jay St - MetroTech,R,Manhattan,Bay Ridge - 95 St,
26,R30,Broadway - Brighton,DeKalb Av,B Q R,Manhattan,Coney Island - Bay Ridge,
27,R31,4th Av,Atlantic Av - Barclays Ctr,D N R,Manhattan,Coney Island - Bay Ridge,
28,R32,4th Av,Union St,R,Manhattan,Bay Ridge - 95 St,
29,R33,4th Av,9 St,R,Manhattan,Bay Ridge - 95 St,
30,R34,4th Av,Prospect Av,R,Manhattan,Bay Ridge - 95 St,
31,R35,4th Av,25 St,R,Manhattan,Bay Ridge - 95 St,
32,R36,4th Av,36 St,D N R,Manhattan,Coney Island - Bay Ridge,
33,R39,4th Av,45 St,R,Manhattan,Bay Ridge - 95 St,
34,R40,4th Av,53 St,R,Manhattan,Bay Ridge - 95 St,
35,R41,4th Av,59 St,N R,Manhattan,Coney Island - Bay Ridge,
36,R42,4th Av,Bay Ridge Av,R,Manhattan,95 St,
37,R43,4th Av,77 St,R,Manhattan,95 St,
38,R44,4th Av,86 St,R,Manhattan,95 St,
39,R45,4th Av,Bay Ridge - 95 St,R,Manhattan,n/a,
40,D24,Broadway - Brighton,Atlantic Av - Barclays Ctr,B Q,Manhattan,Brighton Beach & Coney Island,
41,D25,Broadway - Brighton,7 Av,B Q,Manhattan,Brighton Beach & Coney Island,
42,D26,Broadway - Brighton,Prospect Park,B Q S,Manhattan & Franklin Av,Brighton Beach & Coney Island,
43,D27,Broadway - Brighton,Parkside Av,B Q,Manhattan,Brighton Beach & Coney Island,
44,D28,Broadway - Brighton,Church Av,B Q,Manhattan,Brighton Beach & Coney Island,
45,D29,Broadway - Brighton,Beverley Rd,B Q,Manhattan,Brighton Beach & Coney Island,
46,D30,Broadway - Brighton,Cortelyou Rd,B Q,Manhattan,Brighton Beach & Coney Island,
47,D31,Broadway - Brighton,Newkirk Plaza,B Q,Manhattan,Brighton Beach & Coney Island,
48,D32,Broadway - Brighton,Avenue H,B Q,Manhattan,Brighton Beach & Coney Island,
49,D33,Broadway - Brighton,Avenue J,B Q,Manhattan,Brighton Beach & Coney Island,
50,D34,Broadway - Brighton,Avenue M,B Q,Manhattan,Brighton Beach & Coney Island,
51,D35,Broadway - Brighton,Kings Hwy,B Q,Manhattan,Brighton Beach & Coney Island,
52,D37,Broadway - Brighton,Avenue U,B Q,Manhattan,Brighton Beach & Coney Island,
53,D38,Broadway - Brighton,Neck Rd,B Q,Manhattan,Brighton Beach & Coney Island,
54,D39,Broadway - Brighton,Sheepshead Bay,B Q,Manhattan,Brighton Beach & Coney Island,
55,D40,Broadway - Brighton,Brighton Beach,B Q,Manhattan,Coney Island,
56,D41,Broadway - Brighton,Ocean Pkwy,Q,Manhattan,Stillwell Av,
57,D42,Broadway - Brighton,W 8 St - NY Aquarium,F Q,Manhattan,Stillwell Av,
58,D43,Sea Beach / West End / Culver / Brighton,Coney Island - Stillwell Av,D F N Q,Manhattan,n/a,
59,B12,West End,9 Av,D,Manhattan,Coney Island,
60,B13,West End,Fort Hamilton Pkwy,D,Manhattan,Coney Island,
61,B14,West End,50 St,D,Manhattan,Coney Island,
62,B15,West End,55 St,D,Manhattan,Coney Island,
63,B16,West End,62 St,D,Manhattan,Coney Island,
64,B17,West End,71 St,D,Manhattan,Coney Island,
65,B18,West End,79 St,D,Manhattan,Coney Island,
66,B19,West End,18 Av,D,Manhattan,Coney Island,
67,B20,West End,20 Av,D,Manhattan,Coney Island,
68,B21,West End,Bay Pkwy,D,Manhattan,Coney Island,
69,B22,West End,25 Av,D,Manhattan,Coney Island,
70,B23,West End,Bay 50 St,D,Manhattan,Coney Island,
71,N02,Sea Beach,8 Av,N,Manhattan,Coney Island,
72,N03,Sea Beach,Fort Hamilton Pkwy,N,Manhattan,Coney Island,
73,N04,Sea Beach,New Utrecht Av,N,Manhattan,Coney Island,
74,N05,Sea Beach,18 Av,N,Manhattan,Coney Island,
75,N06,Sea Beach,20 Av,N,Manhattan,Coney Island,
76,N07,Sea Beach,Bay Pkwy,N,Manhattan,Coney Island,
77,N08,Sea Beach,Kings Hwy,N,Manhattan,Coney Island,
78,N09,Sea Beach,Avenue U,N,Manhattan,Coney Island,
79,N10,Sea Beach,86 St,N,Manhattan,Coney Island,
80,J12,Jamaica,121 St,J Z,Jamaica,Manhattan,Jamaica-bound is "North"
81,J13,Jamaica,111 St,J,Jamaica,Manhattan,
82,J14,Jamaica,104 St,J Z,Jamaica,Manhattan,
83,J15,Jamaica,Woodhaven Blvd,J Z,Jamaica,Manhattan,
84,J16,Jamaica,85 St - Forest Pkwy,J,Jamaica,Manhattan,
85,J17,Jamaica,75 St,J Z,Jamaica,Manhattan,
86,J19,Jamaica,Cypress Hills,J,Jamaica,Manhattan,
87,J20,Jamaica,Crescent St,J Z,Jamaica,Manhattan,
88,J21,Jamaica,Norwood Av,J Z,Jamaica,Manhattan,
89,J22,Jamaica,Cleveland St,J,Jamaica,Manhattan,
90,J23,Jamaica,Van Siclen Av,J Z,Jamaica,Manhattan,
91,J24,Jamaica,Alabama Av,J,Jamaica,Manhattan,
92,J27,Jamaica,Broadway Jct,J Z,Jamaica,Manhattan,
93,J28,Jamaica,Chauncey St,J Z,Jamaica,Manhattan,
94,J29,Jamaica,Halsey St,J,Jamaica,Manhattan,
95,J30,Jamaica,Gates Av,J Z,Jamaica,Manhattan,
96,J31,Jamaica,Kosciuszko St,J,Jamaica,Manhattan,
97,M11,Jamaica,Myrtle Av,J M Z,Jamaica - Middle Village,Manhattan,"North" M to Manhattan shares platform with "South" J; "South" M to Middle Village shares platform with "North" J
98,M12,Jamaica,Flushing Av,J M,Jamaica - Middle Village,Manhattan,"North" M to Manhattan shares platform with "South" J; "South" M to Middle Village shares platform with "North" J
99,M13,Jamaica,Lorimer St,J M,Jamaica - Middle Village,Manhattan,"North" M to Manhattan shares platform with "South" J; "South" M to Middle Village shares platform with "North" J
100,M14,Jamaica,Hewes St,J M,Jamaica - Middle Village,Manhattan,"North" M to Manhattan shares platform with "South" J; "South" M to Middle Village shares platform with "North" J
101,M16,Jamaica,Marcy Av,J M Z,Jamaica - Middle Village,Manhattan,"North" M to Manhattan shares platform with "South" J; "South" M to Middle Village shares platform with "North" J
102,M18,Jamaica,Essex St,J M Z,Brooklyn,Broad St (JZ) - Uptown (M),"North" M to Manhattan shares platform with "South" J; "South" M to Middle Village shares platform with "North" J
103,M19,Jamaica,Bowery,J Z,Brooklyn,Broad St,
104,M20,Jamaica,Canal St,J Z,Brooklyn,Broad St,
105,M21,Jamaica,Chambers St,J Z,Brooklyn,Broad St,
106,M22,Jamaica,Fulton St,J Z,Brooklyn,Broad St,
107,M23,Jamaica,Broad St,J Z,Brooklyn,n/a,
108,M01,Myrtle Av,Middle Village - Metropolitan Av,M,Manhattan,n/a,Middle Village-bound is "South"
109,M04,Myrtle Av,Fresh Pond Rd,M,Manhattan,Metropolitan Av,
110,M05,Myrtle Av,Forest Av,M,Manhattan,Metropolitan Av,
111,M06,Myrtle Av,Seneca Av,M,Manhattan,Metropolitan Av,
112,M08,Myrtle Av,Myrtle - Wyckoff Avs,M,Manhattan,Metropolitan Av,
113,M09,Myrtle Av,Knickerbocker Av,M,Manhattan,Metropolitan Av,
114,M10,Myrtle Av,Central Av,M,Manhattan,Metropolitan Av,
115,L01,Canarsie,8 Av,L,n/a,Brooklyn,
116,L02,Canarsie,6 Av,L,8 Av,Brooklyn,
117,L03,Canarsie,Union Sq - 14 St,L,8 Av,Brooklyn,
118,L05,Canarsie,3 Av,L,8 Av,Brooklyn,
119,L06,Canarsie,1 Av,L,8 Av,Brooklyn,
120,L08,Canarsie,Bedford Av,L,Manhattan,Canarsie - Rockaway Parkway,
121,L10,Canarsie,Lorimer St,L,Manhattan,Canarsie - Rockaway Parkway,
122,L11,Canarsie,Graham Av,L,Manhattan,Canarsie - Rockaway Parkway,
123,L12,Canarsie,Grand St,L,Manhattan,Canarsie - Rockaway Parkway,
124,L13,Canarsie,Montrose Av,L,Manhattan,Canarsie - Rockaway Parkway,
125,L14,Canarsie,Morgan Av,L,Manhattan,Canarsie - Rockaway Parkway,
126,L15,Canarsie,Jefferson St,L,Manhattan,Canarsie - Rockaway Parkway,
127,L16,Canarsie,DeKalb Av,L,Manhattan,Canarsie - Rockaway Parkway,
128,L17,Canarsie,Myrtle - Wyckoff Avs,L,Manhattan,Canarsie - Rockaway Parkway,
129,L19,Canarsie,Halsey St,L,Manhattan,Canarsie - Rockaway Parkway,
130,L20,Canarsie,Wilson Av,L,Manhattan,Canarsie - Rockaway Parkway,
131,L21,Canarsie,Bushwick Av - Aberdeen St,L,Manhattan,Canarsie - Rockaway Parkway,
132,L22,Canarsie,Broadway Jct,L,Manhattan,Canarsie - Rockaway Parkway,
133,L24,Canarsie,Atlantic Av,L,Manhattan,Canarsie - Rockaway Parkway,
134,L25,Canarsie,Sutter Av,L,Manhattan,Canarsie - Rockaway Parkway,
135,L26,Canarsie,Livonia Av,L,Manhattan,Canarsie - Rockaway Parkway,
136,L27,Canarsie,New Lots Av,L,Manhattan,Canarsie - Rockaway Parkway,
137,L28,Canarsie,E 105 St,L,Manhattan,Canarsie - Rockaway Parkway,
138,L29,Canarsie,Canarsie - Rockaway Pkwy,L,Manhattan,n/a,
139,S01,Franklin Shuttle,Franklin Av,S,n/a,Prospect Park,
141,S03,Franklin Shuttle,Park Pl,S,Franklin Av,Prospect Park,
142,S04,Franklin Shuttle,Botanic Garden,S,Franklin Av,Prospect Park,
143,A02,8th Av - Fulton St,Inwood - 207 St,A,n/a,Downtown & Brooklyn,
144,A03,8th Av - Fulton St,Dyckman St,A,207 St,Downtown & Brooklyn,
145,A05,8th Av - Fulton St,190 St,A,207 St,Downtown & Brooklyn,
146,A06,8th Av - Fulton St,181 St,A,207 St,Downtown & Brooklyn,
147,A07,8th Av - Fulton St,175 St,A,207 St,Downtown & Brooklyn,
148,A09,8th Av - Fulton St,168 St,A C,207 St,Downtown & Brooklyn,
149,A10,8th Av - Fulton St,163 St - Amsterdam Av,C,Uptown,Downtown & Brooklyn,
150,A11,8th Av - Fulton St,155 St,C,Uptown,Downtown & Brooklyn,
151,A12,8th Av - Fulton St,145 St,A B C D,Uptown & The Bronx,Downtown & Brooklyn,
151,D13,8th Av - Fulton St,145 St,A B C D,Uptown & The Bronx,Downtown & Brooklyn,
152,A14,8th Av - Fulton St,135 St,B C,Uptown & The Bronx,Downtown & Brooklyn,
153,A15,8th Av - Fulton St,125 St,A B C D,Uptown & The Bronx,Downtown & Brooklyn,
154,A16,8th Av - Fulton St,116 St,B C,Uptown & The Bronx,Downtown & Brooklyn,
155,A17,8th Av - Fulton St,Cathedral Pkwy (110 St),B C,Uptown & The Bronx,Downtown & Brooklyn,
156,A18,8th Av - Fulton St,103 St,B C,Uptown & The Bronx,Downtown & Brooklyn,
157,A19,8th Av - Fulton St,96 St,B C,Uptown & The Bronx,Downtown & Brooklyn,
158,A20,8th Av - Fulton St,86 St,B C,Uptown & The Bronx,Downtown & Brooklyn,
159,A21,8th Av - Fulton St,81 St - Museum of Natural History,B C,Uptown & The Bronx,Downtown & Brooklyn,
160,A22,8th Av - Fulton St,72 St,B C,Uptown & The Bronx,Downtown & Brooklyn,
161,A24,8th Av - Fulton St,59 St - Columbus Circle,A B C D,Uptown & The Bronx,Downtown & Brooklyn,
162,A25,8th Av - Fulton St,50 St,C E,Uptown - Queens,Downtown & Brooklyn,
163,A27,8th Av - Fulton St,42 St - Port Authority Bus Terminal,A C E,Uptown - Queens,Downtown & Brooklyn,
164,A28,8th Av - Fulton St,34 St - Penn Station,A C E,Uptown - Queens,Downtown & Brooklyn,
165,A30,8th Av - Fulton St,23 St,C E,Uptown - Queens,Downtown & Brooklyn,
166,A31,8th Av - Fulton St,14 St,A C E,Uptown - Queens,Downtown & Brooklyn,
167,A32,8th Av - Fulton St,W 4 St,A B C D E F M,Uptown - Queens,Downtown & Brooklyn,
167,D20,8th Av - Fulton St,W 4 St,A B C D E F M,Uptown - Queens,Downtown & Brooklyn,
168,A33,8th Av - Fulton St,Spring St,C E,Uptown - Queens,Downtown & Brooklyn,
169,A34,8th Av - Fulton St,Canal St,A C E,Uptown - Queens,Downtown & Brooklyn,
170,A36,8th Av - Fulton St,Chambers St,A C,Uptown,Downtown & Brooklyn,
171,E01,8th Av - Fulton St,World Trade Center,E,Uptown & Queens,n/a,
172,A38,8th Av - Fulton St,Fulton St,A C,Uptown,Brooklyn,
173,A40,8th Av - Fulton St,High St,A C,Manhattan,Euclid - Lefferts - Rockaways,
174,A41,8th Av - Fulton St,Jay St - MetroTech,A C F,Manhattan,Euclid - Lefferts - Rockaways - Coney Island,
175,A42,8th Av - Fulton St,Hoyt - Schermerhorn Sts,A C G,Manhattan - Church Av,Euclid Av & Queens - Court Sq,Railroad south G shares platform with railroad north AC; and vice-versa
176,A43,8th Av - Fulton St,Lafayette Av,C,Manhattan,Euclid Av,
177,A44,8th Av - Fulton St,Clinton - Washington Avs,C,Manhattan,Euclid Av,
178,A45,8th Av - Fulton St,Franklin Av,C,Manhattan,Euclid Av,
179,A46,8th Av - Fulton St,Nostrand Av,A C,Manhattan,Euclid - Lefferts - Rockaways,
180,A47,8th Av - Fulton St,Kingston - Throop Avs,C,Manhattan,Euclid Av,
181,A48,8th Av - Fulton St,Utica Av,A C,Manhattan,Euclid - Lefferts - Rockaways,
182,A49,8th Av - Fulton St,Ralph Av,C,Manhattan,Euclid Av,
183,A50,8th Av - Fulton St,Rockaway Av,C,Manhattan,Euclid Av,
184,A51,8th Av - Fulton St,Broadway Jct,A C,Manhattan,Euclid - Lefferts - Rockaways,
185,A52,8th Av - Fulton St,Liberty Av,C,Manhattan,Euclid Av,
186,A53,8th Av - Fulton St,Van Siclen Av,C,Manhattan,Euclid Av,
187,A54,8th Av - Fulton St,Shepherd Av,C,Manhattan,Euclid Av,
188,A55,8th Av - Fulton St,Euclid Av,A C,Manhattan,Lefferts - Rockaways,
189,A57,Liberty Av,Grant Av,A,Manhattan,Lefferts - Rockaways,
190,A59,Liberty Av,80 St,A,Manhattan,Lefferts - Rockaways,
191,A60,Liberty Av,88 St,A,Manhattan,Lefferts - Rockaways,
192,A61,Liberty Av,Rockaway Blvd,A,Manhattan,Lefferts - Rockaways,
193,A63,Liberty Av,104 St,A,Manhattan,Lefferts Blvd,
194,A64,Liberty Av,111 St,A,Manhattan,Lefferts Blvd,
195,A65,Liberty Av,Ozone Park - Lefferts Blvd,A,Manhattan,n/a,
196,H01,Rockaway,Aqueduct Racetrack,A,Manhattan,Rockaways,
197,H02,Rockaway,Aqueduct - N Conduit Av,A,Manhattan,Rockaways,
198,H03,Rockaway,Howard Beach - JFK Airport,A,Manhattan,Rockaways,
199,H04,Rockaway,Broad Channel,A S,Manhattan,Rockaways,
200,H12,Rockaway,Beach 90 St,A S,Manhattan,Rockaway Park,
201,H13,Rockaway,Beach 98 St,A S,Manhattan,Rockaway Park,
202,H14,Rockaway,Beach 105 St,A S,Manhattan,Rockaway Park,
203,H15,Rockaway,Rockaway Park - Beach 116 St,A S,Manhattan,n/a,
204,H06,Rockaway,Beach 67 St,A,Manhattan,Far Rockaway,
205,H07,Rockaway,Beach 60 St,A,Manhattan,Far Rockaway,
206,H08,Rockaway,Beach 44 St,A,Manhattan,Far Rockaway,
207,H09,Rockaway,Beach 36 St,A,Manhattan,Far Rockaway,
208,H10,Rockaway,Beach 25 St,A,Manhattan,Far Rockaway,
209,H11,Rockaway,Far Rockaway - Mott Av,A,Manhattan,n/a,
210,D01,Concourse,Norwood - 205 St,D,n/a,Manhattan,
211,D03,Concourse,Bedford Park Blvd,B D,Norwood - 205 St,Manhattan,
212,D04,Concourse,Kingsbridge Rd,B D,Bedford Pk Blvd & 205 St,Manhattan,
213,D05,Concourse,Fordham Rd,B D,Bedford Pk Blvd & 205 St,Manhattan,
214,D06,Concourse,182-183 Sts,B D,Bedford Pk Blvd & 205 St,Manhattan,
215,D07,Concourse,Tremont Av,B D,Bedford Pk Blvd & 205 St,Manhattan,
216,D08,Concourse,174-175 Sts,B D,Bedford Pk Blvd & 205 St,Manhattan,
217,D09,Concourse,170 St,B D,Bedford Pk Blvd & 205 St,Manhattan,
218,D10,Concourse,167 St,B D,Bedford Pk Blvd & 205 St,Manhattan,
219,D11,Concourse,161 St - Yankee Stadium,B D,Bedford Pk Blvd & 205 St,Manhattan,
220,D12,Concourse,155 St,B D,The Bronx,Downtown & Brooklyn,
221,B04,63rd St,21 St - Queensbridge,F,Jamaica,Manhattan,
222,B06,63rd St,Roosevelt Island,F,Queens,Manhattan,
223,B08,63rd St,Lexington Av/63 St,F Q,Uptown - Queens,Downtown & Brooklyn,
224,B10,6th Av - Culver,57 St,F,Uptown & Queens,Downtown & Brooklyn,
225,D15,6th Av - Culver,47-50 Sts - Rockefeller Ctr,B D F M,Uptown & The Bronx - Queens,Downtown & Brooklyn,Technically M goes to Queens at both ends - omitted from "South" descriptor for clarity
226,D16,6th Av - Culver,42 St - Bryant Pk,B D F M,Uptown & The Bronx - Queens,Downtown & Brooklyn,Technically M goes to Queens at both ends - omitted from "South" descriptor for clarity
227,D17,6th Av - Culver,34 St - Herald Sq,B D F M,Uptown & The Bronx - Queens,Downtown & Brooklyn,Technically M goes to Queens at both ends - omitted from "South" descriptor for clarity
228,D18,6th Av - Culver,23 St,F M,Uptown & Queens,Downtown & Brooklyn,Technically M goes to Queens at both ends - omitted from "South" descriptor for clarity
229,D19,6th Av - Culver,14 St,F M,Uptown & Queens,Downtown & Brooklyn,Technically M goes to Queens at both ends - omitted from "South" descriptor for clarity
230,D21,6th Av - Culver,Broadway-Lafayette St,B D F M,Uptown & The Bronx - Queens,Downtown & Brooklyn,Technically M goes to Queens at both ends - omitted from "South" descriptor for clarity
231,D22,6th Av - Culver,Grand St,B D,Uptown & The Bronx,Brooklyn,
232,F14,6th Av - Culver,2 Av,F,Uptown & Queens,Downtown & Brooklyn,
233,F15,6th Av - Culver,Delancey St,F,Uptown & Queens,Downtown & Brooklyn,
234,F16,6th Av - Culver,East Broadway,F,Uptown & Queens,Brooklyn,
235,F18,6th Av - Culver,York St,F,Manhattan,Coney Island,
236,F20,6th Av - Culver,Bergen St,F G,Manhattan - Queens,Church Av - Coney Island,
237,F21,6th Av - Culver,Carroll St,F G,Manhattan - Queens,Church Av - Coney Island,
238,F22,6th Av - Culver,Smith - 9 Sts,F G,Manhattan - Queens,Church Av - Coney Island,
239,F23,6th Av - Culver,4 Av,F G,Manhattan - Queens,Church Av - Coney Island,
240,F24,6th Av - Culver,7 Av,F G,Manhattan - Queens,Church Av - Coney Island,
241,F25,6th Av - Culver,15 St - Prospect Park,F G,Manhattan - Queens,Church Av - Coney Island,
242,F26,6th Av - Culver,Fort Hamilton Pkwy,F G,Manhattan - Queens,Church Av - Coney Island,
243,F27,6th Av - Culver,Church Av,F,Manhattan,Coney Island,
244,F29,6th Av - Culver,Ditmas Av,F,Manhattan,Coney Island,
245,F30,6th Av - Culver,18 Av,F,Manhattan,Coney Island,
246,F31,6th Av - Culver,Avenue I,F,Manhattan,Coney Island,
247,F32,6th Av - Culver,Bay Pkwy,F,Manhattan,Coney Island,
248,F33,6th Av - Culver,Avenue N,F,Manhattan,Coney Island,
249,F34,6th Av - Culver,Avenue P,F,Manhattan,Coney Island,
250,F35,6th Av - Culver,Kings Hwy,F,Manhattan,Coney Island,
251,F36,6th Av - Culver,Avenue U,F,Manhattan,Coney Island,
252,F38,6th Av - Culver,Avenue X,F,Manhattan,Coney Island,
253,F39,6th Av - Culver,Neptune Av,F,Manhattan,Stillwell Av,
254,F01,Queens - Archer,Jamaica - 179 St,F,n/a,Manhattan,
255,F02,Queens - Archer,169 St,F,179 St,Manhattan,
256,F03,Queens - Archer,Parsons Blvd,F,179 St,Manhattan,
257,F04,Queens - Archer,Sutphin Blvd,F,179 St,Manhattan,
258,F05,Queens - Archer,Briarwood - Van Wyck Blvd,E F,Jamaica,Manhattan,
259,F06,Queens - Archer,Kew Gardens - Union Tpke,E F,Jamaica,Manhattan,
260,F07,Queens - Archer,75 Av,E F,Jamaica,Manhattan,
261,G08,Queens - Archer,Forest Hills - 71 Av,E F M R,Jamaica,Manhattan,
262,G09,Queens - Archer,67 Av,M R,Forest Hills,Manhattan,
263,G10,Queens - Archer,63 Dr - Rego Park,M R,Forest Hills,Manhattan,
264,G11,Queens - Archer,Woodhaven Blvd,M R,Forest Hills,Manhattan,
265,G12,Queens - Archer,Grand Av - Newtown,M R,Forest Hills,Manhattan,
266,G13,Queens - Archer,Elmhurst Av,M R,Forest Hills,Manhattan,
267,G14,Queens - Archer,Jackson Hts - Roosevelt Av,E F M R,Forest Hills - Jamaica,Manhattan,
268,G15,Queens - Archer,65 St,M R,Forest Hills,Manhattan,
269,G16,Queens - Archer,Northern Blvd,M R,Forest Hills,Manhattan,
270,G18,Queens - Archer,46 St,M R,Forest Hills,Manhattan,
271,G19,Queens - Archer,Steinway St,M R,Forest Hills,Manhattan,
272,G20,Queens - Archer,36 St,M R,Forest Hills,Manhattan,
273,G21,Queens - Archer,Queens Plaza,E M R,Forest Hills - Jamaica,Manhattan,
274,F09,Queens - Archer,Court Sq,E M,Forest Hills - Jamaica,Manhattan,
275,F11,Queens - Archer,Lexington Av/53 St,E M,Queens,Downtown & Brooklyn,
276,F12,Queens - Archer,5 Av/53 St,E M,Queens,Downtown & Brooklyn,
277,D14,Queens - Archer,7 Av,B D E,Uptown & The Bronx - Queens,Downtown & Brooklyn,
278,G05,Queens - Archer,Jamaica Center - Parsons/Archer,E J Z,n/a,Manhattan,
279,G06,Queens - Archer,Sutphin Blvd - Archer Av - JFK Airport,E J Z,Jamaica Center,Manhattan,
280,G07,Queens - Archer,Jamaica - Van Wyck,E,Jamaica Center,Manhattan,
281,G22,Crosstown,Court Sq,G,n/a,Brooklyn,
282,G24,Crosstown,21 St,G,Court Sq,Brooklyn,
283,G26,Crosstown,Greenpoint Av,G,Queens,Church Av,
284,G28,Crosstown,Nassau Av,G,Queens,Church Av,
285,G29,Crosstown,Metropolitan Av,G,Queens,Church Av,
286,G30,Crosstown,Broadway,G,Queens,Church Av,
287,G31,Crosstown,Flushing Av,G,Queens,Church Av,
288,G32,Crosstown,Myrtle - Willoughby Avs,G,Queens,Church Av,
289,G33,Crosstown,Bedford - Nostrand Avs,G,Queens,Church Av,
290,G34,Crosstown,Classon Av,G,Queens,Church Av,
291,G35,Crosstown,Clinton - Washington Avs,G,Queens,Church Av,
292,G36,Crosstown,Fulton St,G,Queens,Church Av,
293,101,Broadway - 7Av,Van Cortlandt Park - 242 St,1,n/a,Manhattan,
294,103,Broadway - 7Av,238 St,1,242 St,Manhattan,
295,104,Broadway - 7Av,231 St,1,242 St,Manhattan,
296,106,Broadway - 7Av,Marble Hill - 225 St,1,242 St,Downtown,
297,107,Broadway - 7Av,215 St,1,The Bronx,Downtown,
298,108,Broadway - 7Av,207 St,1,Uptown & The Bronx,Downtown,
299,109,Broadway - 7Av,Dyckman St,1,Uptown & The Bronx,Downtown,
300,110,Broadway - 7Av,191 St,1,Uptown & The Bronx,Downtown,
301,111,Broadway - 7Av,181 St,1,Uptown & The Bronx,Downtown,
302,112,Broadway - 7Av,168 St - Washington Hts,1,Uptown & The Bronx,Downtown,
303,113,Broadway - 7Av,157 St,1,Uptown & The Bronx,Downtown,
304,114,Broadway - 7Av,145 St,1,Uptown & The Bronx,Downtown,
305,115,Broadway - 7Av,137 St - City College,1,Uptown & The Bronx,Downtown,
306,116,Broadway - 7Av,125 St,1,Uptown & The Bronx,Downtown,
307,117,Broadway - 7Av,116 St - Columbia University,1,Uptown & The Bronx,Downtown,
308,118,Broadway - 7Av,Cathedral Pkwy,1,Uptown & The Bronx,Downtown,
309,119,Broadway - 7Av,103 St,1,Uptown & The Bronx,Downtown,
310,120,Broadway - 7Av,96 St,1 2 3,Uptown & The Bronx,Downtown & Brooklyn,
311,121,Broadway - 7Av,86 St,1,Uptown & The Bronx,Downtown,
312,122,Broadway - 7Av,79 St,1,Uptown & The Bronx,Downtown,
313,123,Broadway - 7Av,72 St,1 2 3,Uptown & The Bronx,Downtown & Brooklyn,
314,124,Broadway - 7Av,66 St - Lincoln Center,1,Uptown & The Bronx,Downtown,
315,125,Broadway - 7Av,59 St - Columbus Circle,1,Uptown & The Bronx,Downtown,
316,126,Broadway - 7Av,50 St,1,Uptown & The Bronx,Downtown,
317,127,Broadway - 7Av,Times Sq - 42 St,1 2 3,Uptown & The Bronx,Downtown & Brooklyn,
318,128,Broadway - 7Av,34 St - Penn Station,1 2 3,Uptown & The Bronx,Downtown & Brooklyn,
319,129,Broadway - 7Av,28 St,1,Uptown & The Bronx,Downtown,
320,130,Broadway - 7Av,23 St,1,Uptown & The Bronx,Downtown,
321,131,Broadway - 7Av,18 St,1,Uptown & The Bronx,Downtown,
322,132,Broadway - 7Av,14 St,1 2 3,Uptown & The Bronx,Downtown & Brooklyn,
323,133,Broadway - 7Av,Christopher St - Sheridan Sq,1,Uptown & The Bronx,Downtown,
324,134,Broadway - 7Av,Houston St,1,Uptown & The Bronx,Downtown,
325,135,Broadway - 7Av,Canal St,1,Uptown & The Bronx,Downtown,
326,136,Broadway - 7Av,Franklin St,1,Uptown & The Bronx,Downtown,
327,137,Broadway - 7Av,Chambers St,1 2 3,Uptown & The Bronx,Downtown & Brooklyn,
328,138,Broadway - 7Av,Cortlandt St,1,Uptown & The Bronx,Downtown,
329,139,Broadway - 7Av,Rector St,1,Uptown & The Bronx,Downtown,
330,142,Broadway - 7Av,South Ferry,1,Uptown & The Bronx,n/a,
331,228,Clark St,Park Pl,2 3,Uptown & The Bronx,Downtown & Brooklyn,
332,229,Clark St,Fulton St,2 3,Uptown & The Bronx,Downtown & Brooklyn,
333,230,Clark St,Wall St,2 3,Uptown & The Bronx,Brooklyn,
334,231,Clark St,Clark St,2 3,Manhattan,Flatbush - New Lots,
335,232,Clark St,Borough Hall,2 3,Manhattan,Flatbush - New Lots,
336,233,Eastern Pky,Hoyt St,2 3,Manhattan,Flatbush - New Lots,
337,234,Eastern Pky,Nevins St,2 3 4 5,Manhattan,Flatbush - Utica - New Lots,
338,235,Eastern Pky,Atlantic Av - Barclays Ctr,2 3,Manhattan,Flatbush - New Lots,
339,236,Eastern Pky,Bergen St,2 3,Manhattan,Flatbush - New Lots,
340,237,Eastern Pky,Grand Army Plaza,2 3,Manhattan,Flatbush - New Lots,
341,238,Eastern Pky,Eastern Pkwy - Brooklyn Museum,2 3,Manhattan,Flatbush - New Lots,
342,239,Eastern Pky,Franklin Av,2 3 4 5,Manhattan,Flatbush - Utica - New Lots,
343,248,Eastern Pky,Nostrand Av,3,Manhattan,New Lots,
344,249,Eastern Pky,Kingston Av,3,Manhattan,New Lots,
345,250,Eastern Pky,Crown Hts - Utica Av,3 4,Manhattan,New Lots,
346,251,Eastern Pky,Sutter Av - Rutland Rd,3,Manhattan,New Lots,
347,252,Eastern Pky,Saratoga Av,3,Manhattan,New Lots,
348,253,Eastern Pky,Rockaway Av,3,Manhattan,New Lots,
349,254,Eastern Pky,Junius St,3,Manhattan,New Lots,
350,255,Eastern Pky,Pennsylvania Av,3,Manhattan,New Lots,
351,256,Eastern Pky,Van Siclen Av,3,Manhattan,New Lots,
352,257,Eastern Pky,New Lots Av,3,Manhattan,n/a,
353,241,Nostrand,President St,2 5,Manhattan,Flatbush,
354,242,Nostrand,Sterling St,2 5,Manhattan,Flatbush,
355,243,Nostrand,Winthrop St,2 5,Manhattan,Flatbush,
356,244,Nostrand,Church Av,2 5,Manhattan,Flatbush,
357,245,Nostrand,Beverly Rd,2 5,Manhattan,Flatbush,
358,246,Nostrand,Newkirk Av,2 5,Manhattan,Flatbush,
359,247,Nostrand,Flatbush Av - Brooklyn College,2 5,Manhattan,n/a,
360,601,Pelham,Pelham Bay Park,6,n/a,Manhattan,
361,602,Pelham,Buhre Av,6,Pelham Bay Park,Manhattan,
362,603,Pelham,Middletown Rd,6,Pelham Bay Park,Manhattan,
363,604,Pelham,Westchester Sq - E Tremont Av,6,Pelham Bay Park,Manhattan,
364,606,Pelham,Zerega Av,6,Pelham Bay Park,Manhattan,
365,607,Pelham,Castle Hill Av,6,Pelham Bay Park,Manhattan,
366,608,Pelham,Parkchester,6,Pelham Bay Park,Manhattan,
367,609,Pelham,St Lawrence Av,6,Pelham Bay Park,Manhattan,
368,610,Pelham,Morrison Av- Sound View,6,Pelham Bay Park,Manhattan,
369,611,Pelham,Elder Av,6,Pelham Bay Park,Manhattan,
370,612,Pelham,Whitlock Av,6,Pelham Bay Park,Manhattan,
371,613,Pelham,Hunts Point Av,6,Pelham Bay Park,Manhattan,
372,614,Pelham,Longwood Av,6,Pelham Bay Park,Manhattan,
373,615,Pelham,E 149 St,6,Pelham Bay Park,Manhattan,
374,616,Pelham,E 143 St - St Mary's St,6,Pelham Bay Park,Manhattan,
375,617,Pelham,Cypress Av,6,Pelham Bay Park,Manhattan,
376,618,Pelham,Brook Av,6,Pelham Bay Park,Manhattan,
377,619,Pelham,3 Av - 138 St,6,Pelham Bay Park,Manhattan,
378,401,Jerome Av,Woodlawn,4,n/a,Manhattan,
379,402,Jerome Av,Mosholu Pkwy,4,Woodlawn,Manhattan,
380,405,Jerome Av,Bedford Park Blvd - Lehman College,4,Woodlawn,Manhattan,
381,406,Jerome Av,Kingsbridge Rd,4,Woodlawn,Manhattan,
382,407,Jerome Av,Fordham Rd,4,Woodlawn,Manhattan,
383,408,Jerome Av,183 St,4,Woodlawn,Manhattan,
384,409,Jerome Av,Burnside Av,4,Woodlawn,Manhattan,
385,410,Jerome Av,176 St,4,Woodlawn,Manhattan,
386,411,Jerome Av,Mt Eden Av,4,Woodlawn,Manhattan,
387,412,Jerome Av,170 St,4,Woodlawn,Manhattan,
388,413,Jerome Av,167 St,4,Woodlawn,Manhattan,
389,414,Jerome Av,161 St - Yankee Stadium,4,Woodlawn,Manhattan,
390,415,Jerome Av,149 St - Grand Concourse,4,Woodlawn,Manhattan,
391,416,Jerome Av,138 St - Grand Concourse,4 5,Woodlawn - Eastchester Dyre Av,Manhattan,
392,621,Lexington - Shuttle,125 St,4 5 6,The Bronx,Downtown & Brooklyn,
393,622,Lexington - Shuttle,116 St,6,Uptown & The Bronx,Downtown,
394,623,Lexington - Shuttle,110 St,6,Uptown & The Bronx,Downtown,
395,624,Lexington - Shuttle,103 St,6,Uptown & The Bronx,Downtown,
396,625,Lexington - Shuttle,96 St,6,Uptown & The Bronx,Downtown,
397,626,Lexington - Shuttle,86 St,4 5 6,Uptown & The Bronx,Downtown & Brooklyn,
398,627,Lexington - Shuttle,77 St,6,Uptown & The Bronx,Downtown,
399,628,Lexington - Shuttle,68 St - Hunter College,6,Uptown & The Bronx,Downtown,
400,629,Lexington - Shuttle,59 St,4 5 6,Uptown & The Bronx,Downtown & Brooklyn,
401,630,Lexington - Shuttle,51 St,6,Uptown & The Bronx,Downtown,
402,631,Lexington - Shuttle,Grand Central - 42 St,4 5 6,Uptown & The Bronx,Downtown & Brooklyn,
403,632,Lexington - Shuttle,33 St,6,Uptown & The Bronx,Downtown,
404,633,Lexington - Shuttle,28 St,6,Uptown & The Bronx,Downtown,
405,634,Lexington - Shuttle,23 St,6,Uptown & The Bronx,Downtown,
406,635,Lexington - Shuttle,14 St - Union Sq,4 5 6,Uptown & The Bronx,Downtown & Brooklyn,
407,636,Lexington - Shuttle,Astor Pl,6,Uptown & The Bronx,Downtown,
408,637,Lexington - Shuttle,Bleecker St,6,Uptown & The Bronx,Downtown,
409,638,Lexington - Shuttle,Spring St,6,Uptown & The Bronx,Downtown,
410,639,Lexington - Shuttle,Canal St,6,Uptown & The Bronx,Downtown,
411,640,Lexington - Shuttle,Brooklyn Bridge - City Hall,4 5 6,Uptown & The Bronx,Downtown & Brooklyn,
412,418,Lexington - Shuttle,Fulton St,4 5,Uptown & The Bronx,Downtown & Brooklyn,
413,419,Lexington - Shuttle,Wall St,4 5,Uptown & The Bronx,Downtown & Brooklyn,
414,420,Lexington - Shuttle,Bowling Green,4 5,Uptown & The Bronx,Brooklyn,
415,423,Eastern Pky,Borough Hall,4 5,Manhattan,Flatbush - Utica,
416,201,Lenox - White Plains Rd,Wakefield - 241 St,2,n/a,Manhattan,
417,204,Lenox - White Plains Rd,Nereid Av,2 5,Wakefield - 241 St,Manhattan,
418,205,Lenox - White Plains Rd,233 St,2 5,Wakefield - 241 St,Manhattan,
419,206,Lenox - White Plains Rd,225 St,2 5,Wakefield - 241 St,Manhattan,
420,207,Lenox - White Plains Rd,219 St,2 5,Wakefield - 241 St,Manhattan,
421,208,Lenox - White Plains Rd,Gun Hill Rd,2 5,Wakefield - 241 St,Manhattan,
422,209,Lenox - White Plains Rd,Burke Av,2 5,Wakefield - 241 St,Manhattan,
423,210,Lenox - White Plains Rd,Allerton Av,2 5,Wakefield - 241 St,Manhattan,
424,211,Lenox - White Plains Rd,Pelham Pkwy,2 5,Wakefield - 241 St,Manhattan,
425,212,Lenox - White Plains Rd,Bronx Park East,2 5,Wakefield - 241 St,Manhattan,
426,213,Lenox - White Plains Rd,E 180 St,2 5,Wakefield - Eastchester,Manhattan,
427,214,Lenox - White Plains Rd,West Farms Sq - E Tremont Av,2 5,Wakefield - Eastchester,Manhattan,
428,215,Lenox - White Plains Rd,174 St,2 5,Wakefield - Eastchester,Manhattan,
429,216,Lenox - White Plains Rd,Freeman St,2 5,Wakefield - Eastchester,Manhattan,
430,217,Lenox - White Plains Rd,Simpson St,2 5,Wakefield - Eastchester,Manhattan,
431,218,Lenox - White Plains Rd,Intervale Av,2 5,Wakefield - Eastchester,Manhattan,
432,219,Lenox - White Plains Rd,Prospect Av,2 5,Wakefield - Eastchester,Manhattan,
433,220,Lenox - White Plains Rd,Jackson Av,2 5,Wakefield - Eastchester,Manhattan,
434,221,Lenox - White Plains Rd,3 Av - 149 St,2 5,Wakefield - Eastchester,Manhattan,
435,222,Lenox - White Plains Rd,149 St - Grand Concourse,2 5,Wakefield - Eastchester,Manhattan,
436,301,Lenox - White Plains Rd,Harlem - 148 St,3,n/a,Downtown & Brooklyn,
437,302,Lenox - White Plains Rd,145 St,3,148 St,Downtown & Brooklyn,
438,224,Lenox - White Plains Rd,135 St,2 3,Uptown & The Bronx,Downtown & Brooklyn,
439,225,Lenox - White Plains Rd,125 St,2 3,Uptown & The Bronx,Downtown & Brooklyn,
440,226,Lenox - White Plains Rd,116 St,2 3,Uptown & The Bronx,Downtown & Brooklyn,
441,227,Lenox - White Plains Rd,Central Park North (110 St),2 3,Uptown & The Bronx,Downtown & Brooklyn,
442,501,Dyre Av,Eastchester - Dyre Av,5,n/a,Manhattan,
443,502,Dyre Av,Baychester Av,5,Eastchester - Dyre Av,Manhattan,
444,503,Dyre Av,Gun Hill Rd,5,Eastchester - Dyre Av,Manhattan,
445,504,Dyre Av,Pelham Pkwy,5,Eastchester - Dyre Av,Manhattan,
446,505,Dyre Av,Morris Park,5,Eastchester - Dyre Av,Manhattan,
447,701,Flushing,Flushing - Main St,7,n/a,Manhattan,
448,702,Flushing,Mets - Willets Point,7,Flushing,Manhattan,
449,705,Flushing,111 St,7,Flushing,Manhattan,
450,706,Flushing,103 St - Corona Plaza,7,Flushing,Manhattan,
451,707,Flushing,Junction Blvd,7,Flushing,Manhattan,
452,708,Flushing,90 St - Elmhurst Av,7,Flushing,Manhattan,
453,709,Flushing,82 St - Jackson Hts,7,Flushing,Manhattan,
454,710,Flushing,74 St - Broadway,7,Flushing,Manhattan,
455,711,Flushing,69 St,7,Flushing,Manhattan,
456,712,Flushing,Woodside - 61 St,7,Flushing,Manhattan,
457,713,Flushing,52 St,7,Flushing,Manhattan,
458,714,Flushing,46 St,7,Flushing,Manhattan,
459,715,Flushing,40 St,7,Flushing,Manhattan,
460,716,Flushing,33 St,7,Flushing,Manhattan,
461,718,Flushing,Queensboro Plaza,7 N W,Astoria - Flushing,Manhattan,
461,R09,Flushing,Queensboro Plaza,7 N W,Astoria - Flushing,Manhattan,
462,719,Flushing,Court Sq,7,Flushing,Manhattan,
463,720,Flushing,Hunters Point Av,7,Flushing,Manhattan,
464,721,Flushing,Vernon Blvd - Jackson Av,7,Flushing,Manhattan,
465,723,Flushing,Grand Central - 42 St,7,Queens,34 St - Hudson Yards,
466,724,Flushing,5 Av,7,Queens,34 St - Hudson Yards,
467,725,Flushing,Times Sq - 42 St,7,Queens,34 St - Hudson Yards,
468,902,Lexington - Shuttle,Times Sq - 42 St,S,n/a,Grand Central,
469,901,Lexington - Shuttle,Grand Central - 42 St,S,Times Sq,n/a,
471,726,Flushing,34 St - 11 Av,7,Queens,n/a,
475,Q05,Second Av,96 St,Q,n/a,Downtown & Brooklyn,
476,Q04,Second Av,86 St,Q,Uptown,Downtown & Brooklyn,
477,Q03,Second Av,72 St,Q,Uptown,Downtown & Brooklyn,
501,S31,Staten Island,St George,SIR,n/a,Tottenville,
502,S30,Staten Island,Tompkinsville,SIR,St George,Tottenville,
503,S29,Staten Island,Stapleton,SIR,St George,Tottenville,
504,S28,Staten Island,Clifton,SIR,St George,Tottenville,
505,S27,Staten Island,Grasmere,SIR,St George,Tottenville,
506,S26,Staten Island,Old Town,SIR,St George,Tottenville,
507,S25,Staten Island,Dongan Hills,SIR,St George,Tottenville,
508,S24,Staten Island,Jefferson Av,SIR,St George,Tottenville,
509,S23,Staten Island,Grant City,SIR,St George,Tottenville,
510,S22,Staten Island,New Dorp,SIR,St George,Tottenville,
511,S21,Staten Island,Oakwood Heights,SIR,St George,Tottenville,
512,S20,Staten Island,Bay Terrace,SIR,St George,Tottenville,
513,S19,Staten Island,Great Kills,SIR,St George,Tottenville,
514,S18,Staten Island,Eltingville,SIR,St George,Tottenville,
515,S17,Staten Island,Annadale,SIR,St George,Tottenville,
516,S16,Staten Island,Huguenot,SIR,St George,Tottenville,
517,S15,Staten Island,Prince's Bay,SIR,St George,Tottenville,
518,S14,Staten Island,Pleasant Plains,SIR,St George,Tottenville,
519,S13,Staten Island,Richmond Valley,SIR,St George,Tottenville,
522,S09,Staten Island,Tottenville,SIR,St George,n/a,
523,S11,Staten Island,Arthur Kill,SIR,St George,Tottenville,
